﻿<?xml version="1.0" encoding="utf-8"?><meta xmlns:xsi="http://www.w3.org/2001/XMLSchema-instance" xmlns:xsd="http://www.w3.org/2001/XMLSchema"><project id="6W2Bff0Uebs" courseid="5bwslusvhau_course_id" thumburl="story_content/thumbnail.jpg" title="Deliver a Review Scenario" datepublished="2020-12-23T18:39:15" version="1.0.0.0" flashdata="story_content/data.swf" html5data="mobile/data.json" mobiledata="mobile/data.gz" enabledownload="false" duration="About 1 minute" totalaudio="0" totalvideo="77115"><description>Watch Manager June navigate parts of a review with her employee, Amara.</description><keywords /><slidemeta moniker="slide" monikerplural="slides" viewslides="5" slidecountdescription="5 slides" /><author name="Pirrello, Megan" email="" website="" /><application name="Articulate Storyline" version="3.47.23871.0" xmlversion="4.0" /></project></meta>